,high,low,open,volume,adjclose,formatted_date,SMA,Std_20,Band_1,Band_2,dist_from_mean,vix_data,ON_returns_signal_down,ON_returns_signal_up,stock_move
20,1234.8699951171875,1223.300048828125,1225.4100341796875,2223700.0,1225.1400146484375,2019-07-30,1145.1934814453125,36.955456681194626,1108.2380247641179,1182.1489381265071,94.216552734375,12.829999923706055,1,0,Sell
21,1234.0,1207.7640380859375,1223.0,1453300.0,1216.6800537109375,2019-07-31,1151.5529846191407,39.26900558826997,1112.2839790308708,1190.8219902074106,73.58703002929678,13.9399995803833,1,0,Sell
22,1234.1099853515625,1205.719970703125,1214.030029296875,1725500.0,1209.010009765625,2019-08-01,1156.8244873046874,40.62697505867284,1116.1975122460146,1197.4514623633602,59.85556640625009,16.1200008392334,1,0,Sell
23,1206.9000244140625,1188.93994140625,1200.739990234375,1698500.0,1193.989990234375,2019-08-02,1161.1959899902345,41.33268236793051,1119.8633076223039,1202.528672358165,47.814019775390534,17.8700008392334,1,0,Sell
24,1175.239990234375,1140.1400146484375,1170.0400390625,1645100.0,1152.3199462890625,2019-08-05,1164.3159912109375,41.335382852285534,1122.9806083586518,1205.651374063223,29.673999023437545,17.610000610351562,1,0,Buy
25,1179.9599609375,1160.0,1163.31005859375,2597500.0,1169.949951171875,2019-08-06,1166.1144897460938,39.896008331243344,1126.2184814148504,1206.0104980773372,-13.794543457031295,24.59000015258789,0,1,Buy
26,1178.4449462890625,1149.6240234375,1156.0,1709400.0,1173.989990234375,2019-08-07,1168.3704895019532,38.69628397692198,1129.6742055250313,1207.0667734788751,1.579461669921784,20.170000076293945,1,0,Buy
27,1205.010009765625,1173.02001953125,1182.8299560546875,1444300.0,1204.800048828125,2019-08-08,1170.0459899902344,38.146668293129586,1131.8993216971048,1208.192658283364,3.944000244140625,19.489999771118164,0,1,Sell
28,1203.8800048828125,1183.60302734375,1197.989990234375,1468000.0,1188.010009765625,2019-08-09,1173.0754943847655,38.392011234808294,1134.6834831499573,1211.4675056195738,31.724554443359466,16.90999984741211,1,0,Sell
29,1184.9599609375,1167.6719970703125,1179.2099609375,1065700.0,1174.7099609375,2019-08-12,1175.2309936523438,37.93432212470713,1137.2966715276368,1213.1653157770509,12.779016113281159,17.969999313354492,1,0,Buy
30,1204.780029296875,1171.4599609375,1171.4599609375,1003000.0,1197.27001953125,2019-08-13,1176.4494934082031,37.48140344618231,1138.9680899620207,1213.9308968543855,-1.739532470703125,21.09000015258789,1,0,Sell
31,1182.300048828125,1160.5400390625,1176.31005859375,1294400.0,1164.2900390625,2019-08-14,1178.6339965820312,37.35131503960007,1141.2826815424312,1215.9853116216311,18.63602294921884,17.520000457763672,1,0,Buy
32,1175.8399658203125,1162.1099853515625,1163.5,1578700.0,1167.260009765625,2019-08-15,1179.5309997558593,36.7457070749556,1142.7852926809037,1216.2767068308149,-15.240960693359284,22.100000381469727,1,0,Buy
33,1182.719970703125,1171.81005859375,1179.550048828125,1218700.0,1177.5999755859375,2019-08-16,1180.5775024414063,36.0416844306748,1144.5358180107314,1216.6191868720812,-13.317492675781295,21.18000030517578,0,1,Buy
34,1206.989990234375,1190.0899658203125,1190.0899658203125,1313300.0,1198.449951171875,2019-08-19,1182.9525024414063,34.050372719296426,1148.90212972211,1217.0028751607026,-5.3525268554687955,18.469999313354492,0,1,Sell
35,1196.06005859375,1182.1099853515625,1195.25,1231600.0,1182.68994140625,2019-08-20,1185.971502685547,32.50309263426448,1153.4684100512825,1218.4745953198114,12.478448486328034,16.8799991607666,1,0,Buy
36,1199.0,1187.4300537109375,1193.1500244140625,915500.0,1191.25,2019-08-21,1187.7955017089844,31.149739019383297,1156.645762689601,1218.9452407283677,-5.105560302734375,17.5,0,1,Sell
37,1198.011962890625,1178.5799560546875,1194.0699462890625,740700.0,1189.530029296875,2019-08-22,1190.4674987792969,28.842965252589224,1161.6245335267076,1219.310464031886,0.782501220703125,15.800000190734863,0,1,Sell
38,1194.0799560546875,1147.75,1181.989990234375,947500.0,1151.2900390625,2019-08-23,1193.3380004882813,25.3792998025477,1167.9587006857337,1218.717300290829,-3.8079711914062955,16.68000030517578,1,0,Buy
39,1169.469970703125,1152.9599609375,1157.260009765625,1687000.0,1168.8900146484375,2019-08-26,1188.3820007324218,23.23523149474528,1165.1467692376766,1211.617232227167,-37.09196166992183,19.8700008392334,0,1,Sell
40,1182.4000244140625,1161.449951171875,1180.530029296875,1226100.0,1167.8399658203125,2019-08-27,1184.8559997558593,20.242045007909145,1164.6139547479502,1205.0980447637685,-15.96598510742183,19.31999969482422,0,1,Buy
41,1176.4200439453125,1157.300048828125,1161.7099609375,1077200.0,1171.02001953125,2019-08-28,1181.9909973144531,18.19144696537512,1163.799550349078,1200.1824442798284,-14.151031494140625,20.309999465942383,1,0,Buy
42,1196.06005859375,1181.1199951171875,1181.1199951171875,802000.0,1192.8499755859375,2019-08-29,1179.7079956054688,16.38426057140712,1163.3237350340617,1196.092256176876,-8.687976074218795,19.350000381469727,0,1,Sell
43,1198.5,1183.802978515625,1198.5,1088400.0,1188.0999755859375,2019-08-30,1178.8999938964844,15.220281074405367,1163.679712822079,1194.1202749708898,13.949981689453125,17.8799991607666,0,1,Sell
44,1186.8900146484375,1163.199951171875,1177.030029296875,1129800.0,1168.3900146484375,2019-09-03,1178.6054931640624,14.96782377683774,1163.6376693872246,1193.5733169409002,9.494482421875091,18.979999542236328,1,0,Buy
45,1183.47998046875,1171.0,1176.7099609375,1479900.0,1181.4100341796875,2019-09-04,1179.4089965820312,13.87385442517223,1165.535142156859,1193.2828510072036,-11.01898193359375,19.65999984741211,0,1,Buy
46,1213.0400390625,1191.530029296875,1191.530029296875,1068900.0,1211.3800048828125,2019-09-05,1179.982000732422,13.698168974595978,1166.283831757826,1193.680169707018,1.428033447265534,17.329999923706055,0,1,Sell
47,1212.0150146484375,1202.52197265625,1208.1300048828125,1408100.0,1204.9300537109375,2019-09-06,1181.8515014648438,15.295659251675279,1166.5558422131685,1197.147160716519,29.52850341796875,16.270000457763672,1,0,Sell
48,1220.0,1192.6199951171875,1204.0,1072100.0,1204.4100341796875,2019-09-09,1181.8580017089844,15.30594922098365,1166.5520524880008,1197.163950929968,23.072052001953125,15.0,1,0,Buy
49,1210.0,1194.5799560546875,1195.1500244140625,1471900.0,1206.0,2019-09-10,1182.6780029296874,16.072972533094934,1166.6050303965924,1198.7509754627824,21.73203125000009,15.270000457763672,1,0,Buy
50,1222.5999755859375,1202.199951171875,1203.4100341796875,1260100.0,1220.1700439453125,2019-09-11,1184.2425048828125,16.76453179824757,1167.4779730845648,1201.00703668106,21.757495117187545,15.199999809265137,1,0,Buy
51,1241.8599853515625,1223.02001953125,1224.300048828125,1307000.0,1234.25,2019-09-12,1185.3875061035155,18.403078076547562,1166.9844280269679,1203.7905841800632,34.782537841796966,14.609999656677246,0,1,Buy
52,1240.8800048828125,1227.010009765625,1231.3499755859375,1725900.0,1239.56005859375,2019-09-13,1188.8855041503907,20.688813095432483,1168.1966910549581,1209.5743172458233,45.364495849609284,14.220000267028809,1,0,Sell
53,1239.56005859375,1225.6099853515625,1229.52001953125,1301400.0,1231.300048828125,2019-09-16,1192.500506591797,22.908739272758194,1169.5917673190388,1215.409245864555,47.05955200195308,13.739999771118164,1,0,Sell
54,1235.0,1223.68994140625,1230.4000244140625,1053300.0,1229.1500244140625,2019-09-17,1195.1855102539062,24.18197472069933,1171.0035355332068,1219.3674849746055,36.11453857421884,14.670000076293945,1,0,Buy
55,1235.6099853515625,1216.530029296875,1227.510009765625,955100.0,1232.4100341796875,2019-09-18,1196.7205139160155,25.34643860505129,1171.3740753109641,1222.066952521067,32.429510498046966,14.4399995803833,1,0,Buy
56,1244.43994140625,1232.02001953125,1232.06005859375,1135100.0,1238.7099609375,2019-09-19,1199.2065185546876,26.31757223611787,1172.8889463185697,1225.5240907908055,33.20351562499991,13.949999809265137,1,0,Sell
57,1243.3199462890625,1223.0799560546875,1233.1199951171875,996000.0,1229.9300537109375,2019-09-20,1201.5795166015625,27.6674527935985,1173.912063807964,1229.2469693951612,37.130444335937455,14.050000190734863,1,0,Buy
58,1239.0899658203125,1224.1700439453125,1226.0,2270000.0,1234.030029296875,2019-09-23,1203.5995178222656,28.21088409693697,1175.3886337253286,1231.8104019192026,26.330535888671875,15.319999694824219,1,0,Sell
59,1246.739990234375,1210.6800537109375,1240.0,1062400.0,1218.760009765625,2019-09-24,1207.7365173339845,26.125874259231335,1181.6106430747532,1233.8623915932158,26.293511962890534,14.90999984741211,0,1,Buy
60,1248.300048828125,1210.0899658203125,1215.8199462890625,1583200.0,1246.52001953125,2019-09-25,1210.2300170898438,24.55582319641364,1185.6741938934301,1234.7858402862576,8.529992675781159,17.049999237060547,1,0,Sell
61,1245.0,1232.2679443359375,1241.9599609375,1453000.0,1241.3900146484375,2019-09-26,1214.1640197753907,23.694659505092353,1190.4693602702982,1237.858679280483,32.35599975585933,15.960000038146973,1,0,Sell
62,1244.02001953125,1214.449951171875,1243.010009765625,1538000.0,1225.0899658203125,2019-09-27,1217.68251953125,22.123521801710154,1195.5589977295397,1239.8060413329601,23.70749511718759,16.06999969482422,0,1,Sell
63,1226.0,1212.300048828125,1220.969970703125,1353900.0,1219.0,2019-09-30,1219.2945190429687,21.38100275148108,1197.9135162914877,1240.6755217944497,5.795446777343841,17.219999313354492,1,0,Sell
64,1231.22998046875,1203.5799560546875,1219.0,1404100.0,1205.0999755859375,2019-10-01,1220.8395202636718,20.085403077664154,1200.7541171860078,1240.924923341336,-1.8395202636718295,16.239999771118164,1,0,Sell
65,1196.97998046875,1171.2900390625,1196.97998046875,1273500.0,1176.6300048828125,2019-10-02,1222.6750183105469,16.37463777796375,1206.3003805325832,1239.0496560885106,-17.575042724609375,18.559999465942383,1,0,Buy
66,1189.06005859375,1162.4300537109375,1180.0,1615100.0,1187.8299560546875,2019-10-03,1222.436016845703,17.030388315050935,1205.4056285306522,1239.466405160754,-45.80601196289058,20.559999465942383,0,1,Buy
67,1211.43994140625,1189.1700439453125,1191.8900146484375,1621200.0,1209.0,2019-10-04,1221.2585144042969,18.578796913097893,1202.679717491199,1239.8373113173948,-33.428558349609375,19.1200008392334,0,1,Sell
68,1218.2039794921875,1203.75,1204.4000244140625,1162400.0,1207.6800537109375,2019-10-07,1221.46201171875,18.41207630544143,1203.0499354133087,1239.8740880241915,-12.462011718750091,17.040000915527344,1,0,Sell
69,1206.0799560546875,1189.010009765625,1197.5899658203125,842900.0,1189.1300048828125,2019-10-08,1221.6255126953124,18.266628042503367,1203.3588846528091,1239.8921407378157,-13.945458984374909,17.860000610351562,1,0,Buy
70,1208.3499755859375,1197.6300048828125,1199.3499755859375,1039300.0,1202.31005859375,2019-10-09,1220.7820129394531,19.381618862724466,1201.4003940767286,1240.1636318021776,-31.652008056640625,20.280000686645508,0,1,Buy
71,1215.0,1197.3399658203125,1198.5799560546875,867700.0,1208.6700439453125,2019-10-10,1219.889013671875,19.817835511053744,1200.0711781608213,1239.7068491829289,-17.57895507812509,18.639999389648438,1,0,Buy
72,1228.3900146484375,1213.739990234375,1222.2099609375,846600.0,1215.449951171875,2019-10-11,1218.6100158691406,19.667092644074298,1198.9429232250664,1238.277108513215,-9.939971923828125,17.56999969482422,0,1,Buy
73,1226.3299560546875,1211.760009765625,1212.3399658203125,1272700.0,1217.1400146484375,2019-10-14,1217.4045104980469,19.04442587750888,1198.360084620538,1236.4489363755558,-1.954559326171875,15.579999923706055,1,0,Buy
74,1247.3299560546875,1220.4000244140625,1220.4000244140625,867500.0,1243.010009765625,2019-10-15,1216.6965087890626,18.761763506002204,1197.9347452830605,1235.4582722950647,0.44350585937490905,14.569999694824219,0,1,Buy
75,1254.739990234375,1238.449951171875,1241.1700439453125,1381700.0,1243.6400146484375,2019-10-16,1217.3895080566406,19.48788685821355,1197.901621198427,1236.8773949148542,25.62050170898442,13.539999961853027,1,0,Buy
76,1263.324951171875,1249.93994140625,1250.9300537109375,1094600.0,1253.0699462890625,2019-10-17,1217.9510070800782,20.095750032516726,1197.8552570475615,1238.0467571125948,25.68900756835933,13.680000305175781,0,1,Sell
77,1258.8900146484375,1241.0799560546875,1253.4599609375,952400.0,1245.489990234375,2019-10-18,1218.6690063476562,21.107543531767114,1197.5614628158892,1239.7765498794233,34.40093994140625,13.789999961853027,0,1,Buy
78,1254.6290283203125,1240.5999755859375,1252.260009765625,1352800.0,1246.1500244140625,2019-10-21,1219.447003173828,21.81921882516266,1197.6277843486655,1241.2662219989907,26.04298706054692,14.25,0,1,Sell
79,1250.5999755859375,1241.3800048828125,1247.8499755859375,1027200.0,1242.800048828125,2019-10-22,1220.0530029296874,22.40597884380913,1197.6470240858782,1242.4589817734966,26.09702148437509,14.0,0,1,Buy
80,1259.8900146484375,1242.3599853515625,1242.3599853515625,1023800.0,1259.1300048828125,2019-10-23,1221.2550048828125,22.970679208747146,1198.2843256740653,1244.2256840915597,21.5450439453125,14.460000038146973,1,0,Buy
81,1264.0,1253.7149658203125,1260.9000244140625,911500.0,1260.989990234375,2019-10-24,1221.8855041503907,23.85662661576675,1198.028877534624,1245.7421307661575,37.244500732421784,14.010000228881836,0,1,Buy
82,1269.5999755859375,1250.010009765625,1251.030029296875,1028100.0,1265.1300048828125,2019-10-25,1222.8655029296874,25.0716457442453,1197.7938571854422,1247.9371486739326,38.12448730468759,13.710000038146973,1,0,Buy
83,1299.31005859375,1272.5400390625,1275.449951171875,1213100.0,1290.0,2019-10-28,1224.8675048828125,26.7978206497639,1198.0696842330485,1251.6653255325764,40.262500000000045,12.649999618530273,0,1,Sell
84,1281.5899658203125,1257.2120361328125,1276.22998046875,2613200.0,1262.6199951171875,2019-10-29,1228.4175048828124,30.435527151325136,1197.9819777314872,1258.8530320341376,61.58249511718759,13.109999656677246,1,0,Sell
85,1269.3599853515625,1252.0,1252.969970703125,1886400.0,1261.2900390625,2019-10-30,1231.293505859375,30.83127298187929,1200.4622328774958,1262.1247788412543,31.326489257812455,13.199999809265137,1,0,Sell
86,1267.6700439453125,1250.843017578125,1261.280029296875,1408900.0,1260.1099853515625,2019-10-31,1235.5265075683594,28.666969876227565,1206.8595376921319,1264.193477444587,25.76353149414058,12.329999923706055,1,0,Buy
87,1274.6199951171875,1260.5,1265.0,1455700.0,1273.739990234375,2019-11-01,1239.1405090332032,26.835046112822827,1212.3054629203805,1265.975555146026,20.969476318359284,13.220000267028809,0,1,Buy
88,1294.1300048828125,1276.35498046875,1276.449951171875,1670100.0,1291.3699951171875,2019-11-04,1242.377508544922,26.9125140090916,1215.4649945358303,1269.2900225540136,31.362481689453034,12.300000190734863,0,1,Buy
89,1298.9300537109375,1291.22900390625,1292.8900146484375,1501000.0,1292.030029296875,2019-11-05,1246.5620056152343,27.727560723136854,1218.8344448920975,1274.289566338371,44.807989501953216,12.829999923706055,0,1,Sell
90,1293.72998046875,1282.5,1289.4599609375,1282700.0,1291.800048828125,2019-11-06,1251.7070068359376,26.00305707494501,1225.7039497609926,1277.7100639108826,40.32302246093741,13.100000381469727,1,0,Buy
91,1323.739990234375,1294.2449951171875,1294.280029296875,1153000.0,1308.8599853515625,2019-11-07,1256.1815063476563,24.723727331997857,1231.4577790156584,1280.9052336796542,35.618542480468705,12.619999885559082,0,1,Buy
92,1318.0,1304.364990234375,1305.280029296875,2030000.0,1311.3699951171875,2019-11-08,1261.1910034179687,24.740519761334625,1236.450483656634,1285.9315231793032,47.66898193359384,12.729999542236328,1,0,Sell
93,1306.425048828125,1297.4100341796875,1303.1800537109375,1251400.0,1299.18994140625,2019-11-11,1265.9870056152345,24.70396052735545,1241.283045087879,1290.69096614259,45.382989501953034,12.069999694824219,1,0,Sell
94,1310.0,1295.77001953125,1300.0,1011900.0,1298.800048828125,2019-11-12,1270.089501953125,22.913136365056005,1247.1763655880688,1293.002638318181,29.10043945312509,12.6899995803833,0,1,Sell
95,1304.300048828125,1293.510009765625,1294.0699462890625,1085900.0,1298.0,2019-11-13,1272.87900390625,22.838788249481322,1250.0402156567689,1295.7177921557313,25.92104492187491,12.680000305175781,1,0,Buy
96,1317.0,1295.6500244140625,1297.5,826700.0,1311.4599609375,2019-11-14,1275.5970031738282,22.40651958334879,1253.1904835904793,1298.003522757177,22.40299682617183,13.0,1,0,Buy
97,1334.8800048828125,1314.280029296875,1318.93994140625,1193500.0,1334.8699951171875,2019-11-15,1278.51650390625,23.109811124598863,1255.4066927816511,1301.6263150308487,32.94345703125009,13.050000190734863,0,1,Sell
98,1335.529052734375,1317.5,1332.219970703125,1782600.0,1320.699951171875,2019-11-18,1282.9855041503906,24.95546574113055,1258.03003840926,1307.9409698915213,51.884490966796875,12.050000190734863,1,0,Sell
99,1327.699951171875,1312.800048828125,1327.699951171875,1487400.0,1315.4599609375,2019-11-19,1286.7130004882813,24.73051865347668,1261.9824818348047,1311.4435191417579,33.986950683593705,12.460000038146973,0,1,Sell
100,1315.0,1291.1500244140625,1311.739990234375,1269200.0,1303.050048828125,2019-11-20,1290.34599609375,23.231602539716427,1267.1143935540335,1313.5775986334666,25.113964843749955,12.859999656677246,1,0,Sell
101,1312.5899658203125,1293.0,1301.47998046875,1308600.0,1301.3499755859375,2019-11-21,1292.5419982910157,22.17744955946818,1270.3645487315475,1314.719447850484,10.508050537109284,12.779999732971191,1,0,Sell
102,1308.72998046875,1291.4100341796875,1305.6199951171875,995500.0,1295.3399658203125,2019-11-22,1294.5599975585938,20.958041969906606,1273.6019555886871,1315.5180395285004,6.78997802734375,13.130000114440918,0,1,Buy
103,1311.31005859375,1298.1300048828125,1299.1800537109375,1385700.0,1306.68994140625,2019-11-25,1296.0704956054688,19.78090883926036,1276.2895867662085,1315.851404444729,-0.73052978515625,12.34000015258789,0,1,Buy
104,1314.800048828125,1305.0899658203125,1309.8599853515625,1036200.0,1313.550048828125,2019-11-26,1296.9049926757812,19.863212149000667,1277.0417805267805,1316.7682048247818,9.784948730468841,11.869999885559082,0,1,Sell
105,1318.3599853515625,1309.6300048828125,1315.0,1069700.0,1312.989990234375,2019-11-27,1299.4514953613282,18.450930740779583,1281.0005646205486,1317.9024261021077,14.09855346679683,11.539999961853027,0,1,Sell
106,1310.2049560546875,1303.969970703125,1307.1199951171875,995600.0,1304.9599609375,2019-11-29,1302.0364929199218,16.321845077333865,1285.714647842588,1318.3583379972556,10.953497314453216,11.75,1,0,Sell
107,1305.8299560546875,1281.0,1301.0,587000.0,1289.9200439453125,2019-12-02,1304.2789916992188,13.001596097784144,1291.2773956014346,1317.280587797003,0.68096923828125,12.619999885559082,1,0,Buy
108,1298.4610595703125,1279.0,1279.5699462890625,1510900.0,1295.280029296875,2019-12-03,1305.0879943847656,11.406940601723319,1293.6810537830422,1316.494934986489,-15.16795043945308,14.90999984741211,1,0,Buy
109,1325.800048828125,1304.8699951171875,1307.010009765625,1143800.0,1320.5400390625,2019-12-04,1305.28349609375,11.190916995561327,1294.0925790981887,1316.4744130893114,-10.003466796875045,15.960000038146973,0,1,Buy
110,1329.3580322265625,1316.43994140625,1328.0,1537500.0,1328.1300048828125,2019-12-05,1306.7089965820312,11.229572165091469,1295.4794244169398,1317.9385687471226,13.831042480468795,14.800000190734863,0,1,Buy
111,1344.0,1333.43994140625,1333.43994140625,1212700.0,1340.6199951171875,2019-12-06,1308.5254943847656,11.62246490152306,1296.9030294832426,1320.1479592862886,19.60451049804692,14.520000457763672,0,1,Buy
112,1359.449951171875,1337.8399658203125,1338.0400390625,1314800.0,1343.56005859375,2019-12-09,1310.1134948730469,13.661436888664854,1296.452057984382,1323.7749317617117,30.506500244140625,13.619999885559082,1,0,Buy
113,1349.9749755859375,1336.0400390625,1341.5,1354300.0,1344.6600341796875,2019-12-10,1311.722998046875,15.578909700929753,1296.1440883459454,1327.3019077478048,31.83706054687491,15.859999656677246,1,0,Buy
114,1351.199951171875,1342.6700439453125,1350.8399658203125,1094100.0,1345.02001953125,2019-12-11,1313.9965026855468,16.914242667895305,1297.0822600176516,1330.910745353442,30.66353149414067,15.680000305175781,0,1,Buy
115,1355.7750244140625,1340.5,1345.93994140625,850400.0,1350.27001953125,2019-12-12,1316.3075012207032,17.859764539300013,1298.4477366814033,1334.1672657600031,28.712518310546784,14.989999771118164,0,1,Sell
116,1353.093017578125,1343.8699951171875,1347.949951171875,1281000.0,1347.8299560546875,2019-12-13,1318.9210021972656,18.837438786327155,1300.0835634109385,1337.7584409835927,31.34901733398442,13.9399995803833,1,0,Buy
117,1364.6800537109375,1352.6700439453125,1356.5,1549600.0,1361.1700439453125,2019-12-16,1320.739501953125,19.809692669782194,1300.9298092833428,1340.5491946229072,27.0904541015625,12.630000114440918,0,1,Sell
118,1365.0,1351.322998046875,1362.8900146484375,1397300.0,1355.1199951171875,2019-12-17,1322.0545043945312,21.589992577041635,1300.4645118174897,1343.6444969715728,39.11553955078125,12.140000343322754,0,1,Sell
119,1360.469970703125,1351.0,1356.5999755859375,1854000.0,1352.6199951171875,2019-12-18,1323.7755065917968,22.81352634443311,1300.9619802473637,1346.5890329362298,31.344488525390716,12.289999961853027,0,1,Buy
120,1358.0999755859375,1348.9849853515625,1351.8199462890625,1522600.0,1356.0400390625,2019-12-19,1325.6335083007812,23.600284914477346,1302.033223386304,1349.2337932152584,26.98648681640634,12.579999923706055,1,0,Sell
121,1363.6400146484375,1349.0,1363.3499755859375,1469900.0,1349.5899658203125,2019-12-20,1328.2830078125,23.90402193730487,1304.3789858751952,1352.1870297498049,27.757031249999955,12.5,0,1,Sell
122,1359.800048828125,1346.510009765625,1355.8699951171875,3315000.0,1348.8399658203125,2019-12-23,1330.6950073242188,23.473261868888486,1307.2217454553302,1354.1682691931073,18.89495849609375,12.510000228881836,0,1,Sell
123,1350.260009765625,1342.780029296875,1348.5,883100.0,1343.56005859375,2019-12-24,1333.3700073242187,22.248636258177203,1311.1213710660415,1355.6186435823959,15.469958496093795,12.609999656677246,1,0,Buy
124,1361.3270263671875,1344.469970703125,1346.1700439453125,347500.0,1360.4000244140625,2019-12-26,1335.2135131835937,21.43420218401859,1313.779310999575,1356.6477153676124,8.346545410156295,12.670000076293945,0,1,Sell
125,1364.530029296875,1349.31005859375,1362.989990234375,667500.0,1351.8900146484375,2019-12-27,1337.5560119628906,21.502000018975025,1316.0540119439156,1359.0580119818655,22.84401245117192,12.649999618530273,0,1,Sell
126,1353.0,1334.02001953125,1350.0,1038400.0,1336.1400146484375,2019-12-30,1339.5010131835938,20.914233010530666,1318.5867801730633,1360.4152461941244,12.389001464843659,13.430000305175781,1,0,Buy
127,1338.0,1329.0849609375,1330.1099853515625,1050900.0,1337.02001953125,2019-12-31,1341.0600158691407,19.30407638894154,1321.7559394801992,1360.364092258082,-4.9200012207031705,14.819999694824219,1,0,Buy
128,1368.1400146484375,1341.550048828125,1341.550048828125,961800.0,1367.3699951171875,2020-01-02,1343.4150146484376,15.166452585267427,1328.24856206317,1358.581467233705,-6.394995117187591,13.779999732971191,0,1,Sell
129,1372.5,1345.5439453125,1347.8599853515625,1406600.0,1360.6600341796875,2020-01-03,1347.019512939453,11.162485368096641,1335.8570275713564,1358.1819983075497,20.35048217773442,12.470000267028809,1,0,Buy
130,1396.5,1350.0,1350.0,1186400.0,1394.2099609375,2020-01-06,1349.0255126953125,9.656852202510024,1339.3686604928025,1358.6823648978225,11.634521484375,14.020000457763672,1,0,Sell
131,1402.989990234375,1390.3800048828125,1397.93994140625,1732300.0,1393.3399658203125,2020-01-07,1352.3295104980468,12.893338103068055,1339.4361723949787,1365.222848601115,41.88045043945317,13.850000381469727,0,1,Buy
132,1411.5799560546875,1390.8399658203125,1392.0799560546875,1502700.0,1404.3199462890625,2020-01-08,1354.965509033203,15.499236163010252,1339.4662728701928,1370.4647451962132,38.374456787109466,13.789999961853027,1,0,Buy
133,1427.3299560546875,1410.27001953125,1420.5699462890625,1528000.0,1419.8299560546875,2020-01-09,1358.0035034179687,18.75813941308917,1339.2453640048795,1376.7616428310578,46.31644287109384,13.449999809265137,0,1,Buy
134,1434.928955078125,1418.3499755859375,1427.56005859375,1500900.0,1429.72998046875,2020-01-10,1361.7619995117188,22.99590845434268,1338.7660910573761,1384.7579079660616,58.06795654296866,12.539999961853027,0,1,Buy
135,1440.52001953125,1426.02001953125,1436.1300048828125,1820700.0,1439.22998046875,2020-01-13,1365.9974975585938,27.17195533205532,1338.8255422265383,1393.1694528906492,63.73248291015625,12.5600004196167,0,1,Sell
136,1441.800048828125,1428.3699951171875,1439.010009765625,1652300.0,1430.8800048828125,2020-01-14,1370.4454956054688,31.412315076099368,1339.0331805293695,1401.857810681568,68.78448486328125,12.319999694824219,1,0,Buy
137,1441.39501953125,1430.2099609375,1430.2099609375,1558900.0,1439.199951171875,2020-01-15,1374.597998046875,33.67330582794606,1340.924692218929,1408.2713038748211,56.28200683593741,12.390000343322754,1,0,Buy
138,1451.989990234375,1440.9200439453125,1447.43994140625,1282700.0,1451.699951171875,2020-01-16,1378.499493408203,36.44217341241286,1342.0573199957903,1414.9416668206159,60.70045776367192,12.420000076293945,0,1,Buy
139,1481.2950439453125,1458.219970703125,1462.9100341796875,1173700.0,1480.3900146484375,2020-01-17,1383.3284912109375,39.455457722856536,1343.8730334880809,1422.7839489337941,68.3714599609375,12.319999694824219,0,1,Buy
140,1491.8499755859375,1471.199951171875,1479.1199951171875,2396200.0,1484.4000244140625,2020-01-21,1389.7169921875,44.27164855121282,1345.4453436362871,1433.9886407387128,90.67302246093755,12.100000381469727,1,0,Buy
141,1503.2139892578125,1484.9300537109375,1491.0,2036700.0,1485.949951171875,2020-01-22,1396.134991455078,48.257273011302416,1347.8777184437756,1444.3922644663805,88.26503295898442,12.850000381469727,0,1,Buy
142,1495.52001953125,1482.0999755859375,1487.6400146484375,1610800.0,1486.6500244140625,2020-01-23,1402.9529907226563,50.89571839534924,1352.0572723273071,1453.8487091180054,82.9969604492187,12.90999984741211,0,1,Sell
143,1495.4949951171875,1465.25,1493.5899658203125,1351200.0,1466.7099609375,2020-01-24,1409.8434936523438,52.48784432748177,1357.355649324862,1462.3313379798255,76.8065307617187,12.979999542236328,0,1,Sell
144,1438.0699462890625,1421.199951171875,1431.0,1784600.0,1433.9000244140625,2020-01-27,1416.0009887695312,51.51724731977809,1364.483741449753,1467.5182360893093,50.708972167968795,14.5600004196167,1,0,Buy
145,1456.0,1432.469970703125,1443.0,1755200.0,1452.56005859375,2020-01-28,1419.6759887695312,49.93959740815456,1369.7363913613765,1469.6155861776858,14.224035644531341,18.229999542236328,0,1,Buy
146,1465.4300537109375,1446.739990234375,1458.800048828125,1577400.0,1458.6300048828125,2020-01-29,1424.709490966797,47.77414257113944,1376.9353483956575,1472.4836335379364,27.85056762695308,16.280000686645508,0,1,Sell
147,1457.280029296875,1436.4000244140625,1439.9599609375,1077700.0,1455.8399658203125,2020-01-30,1430.8339904785157,43.48070625569156,1387.3532842228242,1474.3146967342072,27.796014404296784,16.389999389648438,1,0,Sell
148,1470.1300048828125,1428.530029296875,1468.9000244140625,1339400.0,1434.22998046875,2020-01-31,1436.7749877929687,37.72420219202741,1399.0507856009413,1474.499189984996,19.06497802734384,15.489999771118164,0,1,Buy
149,1490.0,1458.989990234375,1462.0,2417200.0,1485.93994140625,2020-02-03,1440.117987060547,34.031799650333916,1406.0861874102131,1474.1497867108808,-5.888006591796966,18.84000015258789,0,1,Sell
150,1469.5,1426.300048828125,1457.0699462890625,3036800.0,1447.0699462890625,2020-02-04,1446.381982421875,29.917814467459248,1416.4641679544156,1476.2997968893342,39.55795898437509,17.969999313354492,1,0,Buy
151,1463.8399658203125,1430.56005859375,1462.4200439453125,3933000.0,1448.22998046875,2020-02-05,1449.0249816894532,27.285316461447188,1421.739665228006,1476.3102981509003,-1.9550354003906705,16.049999237060547,0,1,Buy
152,1482.0,1449.5699462890625,1450.3299560546875,1986200.0,1476.22998046875,2020-02-06,1451.769482421875,23.945603643097694,1427.8238787787773,1475.7150860649726,-3.5395019531249545,15.149999618530273,0,1,Buy
153,1485.8399658203125,1466.3499755859375,1467.300048828125,1679400.0,1479.22998046875,2020-02-07,1455.3649841308593,21.74342196657032,1433.621562164289,1477.1084060974297,20.864996337890716,14.960000038146973,1,0,Buy
154,1509.5,1474.3199462890625,1474.3199462890625,1172300.0,1508.6800537109375,2020-02-10,1458.3349853515624,20.664148030018758,1437.6708373215436,1478.9991333815813,20.89499511718759,15.470000267028809,1,0,Buy
155,1529.6300048828125,1505.637939453125,1511.81005859375,1419900.0,1508.7900390625,2020-02-11,1462.282489013672,22.381685608457904,1439.900803405214,1484.6641746221298,46.39756469726558,15.039999961853027,0,1,Buy
156,1520.6949462890625,1508.1099853515625,1514.47998046875,1344600.0,1518.27001953125,2020-02-12,1465.7604919433593,23.959901959857312,1441.800589983502,1489.7203939032165,43.029547119140716,15.180000305175781,0,1,Sell
157,1527.1800537109375,1504.5999755859375,1512.68994140625,1167600.0,1514.6600341796875,2020-02-13,1470.1299926757813,25.20047254517614,1444.9295201306052,1495.3304652209574,48.140026855468705,13.739999771118164,1,0,Buy
158,1520.739990234375,1507.3399658203125,1515.5999755859375,929500.0,1520.739990234375,2020-02-14,1473.9029968261718,25.963292342552798,1447.939704483619,1499.8662891687247,40.75703735351567,14.149999618530273,0,1,Sell
159,1531.6300048828125,1512.5899658203125,1515.0,1197800.0,1519.6700439453125,2020-02-18,1477.354998779297,27.405493880202098,1449.9495048990948,1504.760492659499,43.38499145507808,13.680000305175781,1,0,Buy
160,1532.10595703125,1521.4000244140625,1525.0699462890625,1120700.0,1526.68994140625,2020-02-19,1479.3190002441406,28.99579506042391,1450.3232051837167,1508.3147953045645,40.351043701171875,14.829999923706055,0,1,Sell
161,1529.6400146484375,1506.8199462890625,1522.0,949300.0,1518.1500244140625,2020-02-20,1481.43349609375,30.867402238867147,1450.5660938548829,1512.300898332617,45.25644531250009,14.380000114440918,1,0,Sell
162,1512.2149658203125,1480.43994140625,1508.030029296875,1096600.0,1485.1099853515625,2020-02-21,1483.0434997558593,31.936612175838075,1451.1068875800213,1514.9801119316974,35.10652465820317,15.5600004196167,1,0,Sell
163,1436.969970703125,1411.3900146484375,1426.1099853515625,1731700.0,1421.5899658203125,2020-02-24,1482.9664978027345,31.929314615683918,1451.0371831870505,1514.8958124184185,2.143487548828034,17.079999923706055,1,0,Sell
164,1438.1400146484375,1382.4000244140625,1433.0,2867100.0,1388.449951171875,2020-02-25,1480.710498046875,34.61909611007149,1446.0914019368035,1515.3295941569465,-59.120532226562545,25.030000686645508,0,1,Buy
165,1415.699951171875,1379.0,1396.1400146484375,2478300.0,1393.1800537109375,2020-02-26,1478.4379943847657,39.06045052166192,1439.3775438631037,1517.4984449064277,-89.98804321289072,27.850000381469727,0,1,Sell
166,1371.7039794921875,1317.1700439453125,1362.06005859375,2202400.0,1318.0899658203125,2020-02-27,1475.468994140625,43.171388394515894,1432.2976057461092,1518.6403825351408,-82.2889404296875,27.559999465942383,1,0,Buy
167,1341.1400146484375,1271.0,1277.5,2978300.0,1339.3299560546875,2020-02-28,1468.4419921875,55.68172647860677,1412.7602657088933,1524.123718666107,-150.3520263671876,39.15999984741211,1,0,Buy
168,1390.8699951171875,1326.81494140625,1351.6099853515625,3789100.0,1389.1099853515625,2020-03-02,1462.6164916992188,62.71951609983478,1399.896975599384,1525.3360077990537,-123.28653564453134,40.11000061035156,0,1,Sell
169,1410.1500244140625,1332.0,1399.4200439453125,2431500.0,1341.3900146484375,2020-03-03,1460.3604919433594,64.57824224343472,1395.7822496999247,1524.9387341867941,-71.25050659179692,33.41999816894531,0,1,Buy
170,1388.0899658203125,1343.1099853515625,1359.22998046875,2402300.0,1386.52001953125,2020-03-04,1453.1329956054688,69.46849729817161,1383.6644983072972,1522.6014929036403,-111.74298095703125,36.81999969482422,0,1,Sell
171,1358.9100341796875,1305.0999755859375,1350.199951171875,1913300.0,1319.0400390625,2020-03-05,1450.1054992675781,71.04808733059747,1379.0574119369808,1521.1535865981755,-63.585479736328125,31.989999771118164,1,0,Sell
172,1306.219970703125,1261.050048828125,1277.06005859375,2561300.0,1298.4100341796875,2020-03-06,1443.6460021972657,76.86246048123694,1366.7835417160288,1520.5084626785026,-124.60596313476572,39.619998931884766,1,0,Sell
173,1254.760009765625,1200.0,1205.300048828125,2660600.0,1215.56005859375,2020-03-09,1434.7550048828125,82.93932242893901,1351.8156824538735,1517.6943273117515,-136.344970703125,41.939998626708984,1,0,Buy
174,1281.1500244140625,1218.77001953125,1260.0,3365400.0,1280.3900146484375,2020-03-10,1421.5715087890626,95.50199847307563,1326.069510315987,1517.0735072621383,-206.0114501953126,54.459999084472656,0,1,Sell
175,1260.9599609375,1196.0699462890625,1249.699951171875,2611400.0,1215.4100341796875,2020-03-11,1410.1570068359374,98.14878639014036,1312.008220445797,1508.3057932260779,-129.7669921874999,47.29999923706055,1,0,Sell
176,1193.8699951171875,1113.300048828125,1126.0,2608500.0,1114.9100341796875,2020-03-12,1395.4880065917969,104.35889947085859,1291.1291071209382,1499.8469060626555,-180.07797241210938,53.900001525878906,1,0,Buy
177,1219.760009765625,1117.1429443359375,1179.0,4226700.0,1219.72998046875,2020-03-13,1375.3200073242188,117.52680099469634,1257.7932063295225,1492.846808318915,-260.40997314453125,75.47000122070312,0,1,Sell
178,1152.2669677734375,1074.43994140625,1096.0,3700100.0,1084.3299560546875,2020-03-16,1360.573504638672,117.62604809815456,1242.9474565405174,1478.1995527368265,-140.84352416992192,57.83000183105469,1,0,Buy
179,1130.8599853515625,1056.010009765625,1093.1099853515625,4252400.0,1119.800048828125,2020-03-17,1338.7530029296875,126.49451116907376,1212.2584917606137,1465.2475140987613,-254.42304687499995,82.69000244140625,0,1,Sell
180,1106.5,1037.280029296875,1056.510009765625,3861500.0,1096.800048828125,2020-03-18,1318.759503173828,127.98663283252758,1190.7728703413004,1446.7461360063558,-198.95945434570308,75.91000366210938,1,0,Buy
181,1157.969970703125,1060.1080322265625,1093.050048828125,4233400.0,1115.2900390625,2020-03-19,1297.2650085449218,127.32504027410151,1169.9399682708204,1424.5900488190232,-200.46495971679678,76.44999694824219,1,0,Sell
182,1143.989990234375,1065.489990234375,1135.719970703125,3651100.0,1072.3199462890625,2020-03-20,1277.1220092773438,122.30925915545626,1154.8127501218876,1399.4312684328,-161.83197021484375,72.0,0,1,Sell
183,1071.3199462890625,1013.5360107421875,1061.3199462890625,3601800.0,1056.6199951171875,2020-03-23,1256.4825073242187,120.17457665792531,1136.3079306662933,1376.657083982144,-184.16256103515616,66.04000091552734,1,0,Buy
184,1135.0,1090.6199951171875,1103.77001953125,4044100.0,1134.4599609375,2020-03-24,1238.2340087890625,121.48663465198533,1116.7473741370773,1359.7206434410477,-181.614013671875,61.59000015258789,0,1,Sell
185,1148.9000244140625,1086.010009765625,1126.469970703125,3344500.0,1102.489990234375,2020-03-25,1225.5345092773437,118.1880133486724,1107.3464959286712,1343.7225226260161,-91.07454833984366,61.66999816894531,1,0,Buy
186,1169.969970703125,1093.530029296875,1111.800048828125,4081500.0,1161.75,2020-03-26,1211.0000061035157,114.29638593878644,1096.7036201647293,1325.2963920423022,-108.51001586914072,63.95000076293945,0,1,Sell
187,1150.6700439453125,1105.9100341796875,1125.6700439453125,3571700.0,1110.7099609375,2020-03-27,1203.1830078125,111.9080466788667,1091.2749611336333,1315.0910544913665,-41.43300781249991,61.0,1,0,Buy
188,1151.6300048828125,1096.47998046875,1125.0400390625,3208500.0,1146.8199462890625,2020-03-30,1191.7520080566405,108.90525217928142,1082.846755877359,1300.657260235922,-81.04204711914053,65.54000091552734,0,1,Buy
189,1175.31005859375,1138.1400146484375,1147.300048828125,2574100.0,1162.81005859375,2020-03-31,1179.6375061035155,98.80342549828873,1080.8340806052267,1278.4409316018043,-32.817559814453034,57.08000183105469,0,1,Sell
190,1129.68994140625,1097.449951171875,1122.0,2486400.0,1105.6199951171875,2020-04-01,1170.7085083007812,91.19238479506596,1079.5161235057153,1261.900893095847,-7.8984497070312045,53.540000915527344,1,0,Buy
191,1126.8599853515625,1096.4000244140625,1098.260009765625,2344200.0,1120.8399658203125,2020-04-02,1156.663507080078,76.68171909732406,1079.981787982754,1233.345226177402,-51.043511962890534,57.060001373291016,1,0,Sell
192,1123.5400390625,1079.81005859375,1119.0150146484375,1964900.0,1097.8800048828125,2020-04-03,1146.7535034179687,66.75747911925149,1079.9960242987172,1213.5109825372201,-25.91353759765616,50.90999984741211,1,0,Buy
193,1194.6600341796875,1130.93994140625,1138.0,2313400.0,1186.9200439453125,2020-04-06,1136.727001953125,57.14844946677961,1079.5785524863454,1193.8754514199045,-38.846997070312455,46.79999923706055,0,1,Sell
194,1225.0,1182.22998046875,1221.0,2664700.0,1186.510009765625,2020-04-07,1135.2950012207032,55.40123425181094,1079.8937669688921,1190.6962354725142,51.62504272460933,45.2400016784668,0,1,Buy
195,1219.0699462890625,1188.1600341796875,1206.5,2387300.0,1210.280029296875,2020-04-08,1130.6010009765625,45.56451746738596,1085.0364835091766,1176.1655184439485,55.909008789062455,46.70000076293945,0,1,Buy
196,1225.5699462890625,1196.7349853515625,1224.0799560546875,1975100.0,1211.449951171875,2020-04-09,1130.344500732422,45.073763743676295,1085.2707369887457,1175.418264476098,79.93552856445308,43.349998474121094,0,1,Buy
197,1220.510009765625,1187.5980224609375,1209.1800537109375,2175400.0,1217.56005859375,2020-04-13,1135.1714965820313,48.38176741020615,1086.7897291718252,1183.5532639922374,76.2784545898437,41.66999816894531,1,0,Buy
198,1282.0699462890625,1236.9300537109375,1245.0899658203125,1739800.0,1269.22998046875,2020-04-14,1135.0630004882812,48.18419453790215,1086.878805950379,1183.2471950261834,82.4970581054688,41.16999816894531,0,1,Sell
199,1280.4599609375,1240.4000244140625,1245.6099853515625,2470400.0,1262.469970703125,2020-04-15,1144.3080017089844,55.169667118914106,1089.1383345900704,1199.4776688278985,124.92197875976558,37.7599983215332,1,0,Buy
200,1279.0,1242.6199951171875,1274.0999755859375,1671700.0,1263.469970703125,2020-04-16,1151.4414978027344,60.77310133083678,1090.6683964718975,1212.2145991335713,111.02847290039062,40.84000015258789,0,1,Buy
201,1294.4300537109375,1271.22998046875,1284.8499755859375,2518100.0,1283.25,2020-04-17,1159.7749938964844,64.21582634631136,1095.559167550173,1223.9908202427957,103.69497680664062,40.11000061035156,0,1,Sell
202,1281.5999755859375,1261.3699951171875,1271.0,1949000.0,1266.6099853515625,2020-04-20,1168.1729919433594,68.90359902571281,1099.2693929176467,1237.0765909690722,115.07700805664058,38.150001525878906,1,0,Sell
203,1254.27001953125,1209.7099609375,1247.0,1695500.0,1216.3399658203125,2020-04-21,1177.8874938964843,68.37243887681971,1109.5150550196647,1246.259932773304,88.72249145507817,43.83000183105469,1,0,Buy
204,1285.613037109375,1242.0,1245.5400390625,2153000.0,1263.2099609375,2020-04-22,1185.8734924316407,62.54189351572785,1123.3315989159128,1248.4153859473686,30.46647338867183,45.40999984741211,0,1,Buy
205,1293.31005859375,1265.6700439453125,1271.550048828125,2092400.0,1276.31005859375,2020-04-23,1192.3109924316407,63.58874050506069,1128.72225192658,1255.8997329367014,70.89896850585933,41.97999954223633,0,1,Buy
206,1280.4000244140625,1249.449951171875,1261.1700439453125,1566200.0,1279.31005859375,2020-04-24,1201.0019958496093,62.53604869174146,1138.465947157868,1263.5380445413507,75.30806274414067,41.380001068115234,1,0,Sell
207,1296.1500244140625,1269.0,1296.0,1639600.0,1275.8800048828125,2020-04-27,1206.8799987792968,64.15639012242522,1142.7236086568716,1271.036388901722,72.43005981445322,35.93000030517578,0,1,Sell
208,1288.050048828125,1232.199951171875,1287.9300537109375,1600600.0,1233.6700439453125,2020-04-28,1215.1385009765625,61.709452048426236,1153.4290489281361,1276.8479530249888,60.741503906250045,33.290000915527344,0,1,Buy
209,1359.989990234375,1325.3399658203125,1341.4599609375,2951300.0,1341.47998046875,2020-04-29,1219.481005859375,59.67099232117995,1159.810013538195,1279.151998180555,14.189038085937455,33.56999969482422,0,1,Buy
210,1352.8199462890625,1322.489990234375,1324.8800048828125,3793600.0,1348.6600341796875,2020-04-30,1228.414501953125,63.960483548708154,1164.4540184044167,1292.3749855018332,113.06547851562505,31.229999542236328,1,0,Sell
211,1352.0699462890625,1311.0,1328.5,2668900.0,1320.6099853515625,2020-05-01,1240.56650390625,62.47315201955068,1178.0933518866993,1303.0396559258008,108.09353027343741,34.150001525878906,1,0,Buy
212,1327.6600341796875,1299.0,1308.22998046875,2072500.0,1326.800048828125,2020-05-04,1250.5550048828125,58.143249464063814,1192.4117554187487,1308.6982543468762,70.05498046875005,37.189998626708984,1,0,Buy
213,1373.93994140625,1337.4599609375,1337.9200439453125,1504000.0,1351.1099853515625,2020-05-05,1262.0010070800781,48.185793648834576,1213.8152134312436,1310.1868007289127,64.79904174804688,35.970001220703125,0,1,Sell
214,1371.1199951171875,1347.2900390625,1361.68994140625,1651500.0,1347.300048828125,2020-05-06,1270.2105041503905,48.704741810751706,1221.5057623396387,1318.9152459611423,80.89948120117197,33.61000061035156,0,1,Buy
215,1377.5999755859375,1355.27001953125,1365.93994140625,1215400.0,1372.56005859375,2020-05-07,1278.2500061035157,47.414876039769794,1230.835130063746,1325.6648821432855,69.05004272460928,34.119998931884766,0,1,Buy
216,1398.760009765625,1375.47998046875,1383.1300048828125,1397600.0,1388.3699951171875,2020-05-08,1286.3640075683593,49.02897466947145,1237.335032898888,1335.3929822378307,86.19605102539072,31.440000534057617,0,1,Buy
217,1416.530029296875,1377.1519775390625,1378.280029296875,1386900.0,1403.260009765625,2020-05-11,1295.210009765625,50.73202940228364,1244.4779803633414,1345.9420391679087,93.15998535156245,27.979999542236328,1,0,Sell
218,1415.0,1374.77001953125,1407.1199951171875,1412100.0,1375.739990234375,2020-05-12,1304.4950073242187,52.72675408374808,1251.7682532404706,1357.2217614079668,98.7650024414063,27.56999969482422,0,1,Sell
219,1385.4820556640625,1328.4000244140625,1377.050048828125,1390600.0,1349.3299560546875,2020-05-13,1309.8205078125,54.33187863767929,1255.4886291748207,1364.1523864501792,65.91948242187505,33.040000915527344,0,1,Buy
220,1357.4200439453125,1323.9100341796875,1335.02001953125,1812600.0,1356.1300048828125,2020-05-14,1314.163507080078,53.81684239049433,1260.3466646895838,1367.9803494705723,35.166448974609466,35.279998779296875,1,0,Buy
221,1374.47998046875,1339.0,1350.0,1603100.0,1373.18994140625,2020-05-15,1318.7965087890625,53.208060421973485,1265.588448367089,1372.004569211036,37.33349609375,32.61000061035156,1,0,Buy
222,1392.324951171875,1354.25,1361.75,1707700.0,1383.93994140625,2020-05-18,1323.293505859375,53.84260089678593,1269.4509049625892,1377.1361067561609,49.896435546874955,31.889999389648438,1,0,Sell
223,1392.0,1373.4849853515625,1386.9969482421875,1822400.0,1373.4849853515625,2020-05-19,1329.1600036621094,53.73332812347368,1275.4266755386357,1382.893331785583,54.779937744140625,29.299999237060547,0,1,Buy
224,1410.4200439453125,1387.25,1389.5799560546875,1280600.0,1406.719970703125,2020-05-20,1337.0172546386718,47.49501673485832,1289.5222379038134,1384.5122713735302,36.46773071289067,30.530000686645508,0,1,Sell
225,1415.489990234375,1393.449951171875,1408.0,1655400.0,1402.800048828125,2020-05-21,1344.1927551269532,46.589445131957156,1297.6033099949962,1390.7822002589103,62.527215576171784,27.989999771118164,0,1,Buy
226,1412.760009765625,1391.8299560546875,1396.7099609375,1385000.0,1410.4200439453125,2020-05-22,1350.5172546386718,45.461215431254224,1305.0560392074176,1395.978470069926,52.28279418945317,29.530000686645508,1,0,Buy
227,1441.0,1412.1300048828125,1437.27001953125,1309400.0,1417.02001953125,2020-05-26,1357.07275390625,44.08491092046591,1312.987842985784,1401.157664826716,53.3472900390625,28.15999984741211,0,1,Buy
228,1421.739990234375,1391.2900390625,1417.25,2060600.0,1417.8399658203125,2020-05-27,1364.1297546386718,41.63215800418707,1322.4975966344848,1405.7619126428588,52.890264892578216,28.010000228881836,0,1,Sell
229,1440.8399658203125,1396.0,1396.8599853515625,1685800.0,1416.72998046875,2020-05-28,1373.3382507324218,30.000541825313903,1343.337708907108,1403.3387925577356,44.501715087890716,27.6200008392334,1,0,Buy
230,1432.5699462890625,1413.3499755859375,1416.93994140625,1692200.0,1428.9200439453125,2020-05-29,1377.1007507324218,30.50917237984016,1346.5915783525816,1407.609923112262,39.62922973632817,28.59000015258789,0,1,Buy
231,1437.9599609375,1418.0,1418.3900146484375,1820900.0,1431.8199462890625,2020-06-01,1381.113751220703,31.8215945541661,1349.292156666537,1412.9353457748691,47.80629272460942,27.510000228881836,1,0,Buy
232,1439.6099853515625,1418.8299560546875,1430.550048828125,1217100.0,1439.219970703125,2020-06-02,1386.674249267578,30.376318236763726,1356.2979310308142,1417.0505675043419,45.145697021484466,28.229999542236328,1,0,Sell
233,1446.552001953125,1429.7769775390625,1438.300048828125,1278100.0,1436.3800048828125,2020-06-03,1392.2952453613282,29.087811250908437,1363.2074341104196,1421.3830566122367,46.92472534179683,26.84000015258789,1,0,Sell
234,1438.9599609375,1404.72998046875,1430.4000244140625,1256200.0,1412.1800537109375,2020-06-04,1396.5587463378906,28.98239581144424,1367.5763505264463,1425.541142149335,39.821258544921875,25.65999984741211,1,0,Buy
235,1445.050048828125,1406.0,1413.1700439453125,1484300.0,1438.3900146484375,2020-06-05,1399.8027465820312,26.721508471107715,1373.0812381109236,1426.5242550531389,12.377307128906295,25.809999465942383,0,1,Buy
236,1447.989990234375,1422.3399658203125,1422.3399658203125,1734900.0,1446.6099853515625,2020-06-08,1403.0942443847657,27.238590404010807,1375.8556539807548,1430.3328347887766,35.295770263671784,24.520000457763672,1,0,Buy
237,1468.0,1443.2099609375,1445.3599853515625,1404200.0,1456.1600341796875,2020-06-09,1406.0062438964844,28.657778138636132,1377.3484657578483,1434.6640220351205,40.60374145507808,25.809999465942383,1,0,Buy
238,1474.259033203125,1456.27001953125,1459.5400390625,1409200.0,1465.8499755859375,2020-06-10,1408.6512451171875,30.755433373412725,1377.8958117437749,1439.4066784906001,47.5087890625,27.56999969482422,0,1,Sell
239,1454.4749755859375,1402.0,1442.47998046875,1525200.0,1403.8399658203125,2020-06-11,1413.1567443847657,32.24461648580355,1380.9121278989621,1445.4013608705693,52.693231201171784,27.56999969482422,1,0,Buy
240,1437.0,1386.02001953125,1428.489990234375,1991300.0,1413.1800537109375,2020-06-12,1415.8822448730468,28.671429892994063,1387.2108149800529,1444.5536747660408,-12.04227905273433,40.790000915527344,0,1,Buy
241,1424.800048828125,1387.9200439453125,1390.800048828125,1946400.0,1419.8499755859375,2020-06-15,1418.7347473144532,25.01915392541661,1393.7155933890367,1443.7539012398697,-5.554693603515716,36.09000015258789,1,0,Buy
242,1455.02001953125,1425.9000244140625,1445.219970703125,1503900.0,1442.719970703125,2020-06-16,1421.0677490234375,22.607939510303474,1398.4598095131341,1443.6756885337409,-1.2177734375,34.400001525878906,0,1,Buy
243,1460.0,1431.3800048828125,1447.1600341796875,1709200.0,1451.1199951171875,2020-06-17,1424.0067504882813,21.310794969154777,1402.6959555191265,1445.3175454574362,18.71322021484366,33.66999816894531,0,1,Sell
244,1451.4100341796875,1427.010009765625,1449.1600341796875,1549600.0,1435.9599609375,2020-06-18,1427.8885009765625,18.51055062850922,1409.3779503480532,1446.3990516050717,23.231494140625045,33.470001220703125,1,0,Sell
245,1447.800048828125,1421.3499755859375,1444.0,1581900.0,1431.719970703125,2020-06-19,1429.3505004882813,17.895106869226538,1411.4553936190548,1447.2456073575079,6.609460449218659,32.939998626708984,0,1,Buy
246,1452.75,1423.2099609375,1429.0,3157900.0,1451.8599853515625,2020-06-22,1430.7964965820313,16.769853840868414,1414.026642741163,1447.5663504228996,0.9234741210937045,35.119998931884766,1,0,Buy
247,1475.9410400390625,1445.239990234375,1455.6400146484375,1542400.0,1464.4100341796875,2020-06-23,1432.8684936523437,16.679548237820402,1416.1889454145232,1449.548041890164,18.99149169921884,31.770000457763672,0,1,Sell
248,1475.4200439453125,1429.75,1461.510009765625,1429800.0,1431.969970703125,2020-06-24,1435.2379943847657,17.647637729780605,1417.590356654985,1452.8856321145463,29.17203979492183,31.3700008392334,1,0,Buy
249,1442.9000244140625,1420.0,1429.9000244140625,1756000.0,1441.3299560546875,2020-06-25,1435.9444946289063,17.191413034518405,1418.7530815943878,1453.1359076634249,-3.974523925781341,33.84000015258789,1,0,Sell
250,1433.449951171875,1351.989990234375,1431.3900146484375,1230500.0,1359.9000244140625,2020-06-26,1437.174493408203,16.614667997634996,1420.559825410568,1453.789161405838,4.155462646484466,32.220001220703125,1,0,Buy
251,1395.5999755859375,1347.010009765625,1358.1800537109375,4267700.0,1394.969970703125,2020-06-29,1433.7234924316406,23.96259819006029,1409.7608942415802,1457.686090621701,-73.82346801757808,34.72999954223633,1,0,Buy
252,1418.6500244140625,1383.9599609375,1390.43994140625,1810200.0,1413.6099853515625,2020-06-30,1431.8809936523437,25.485013193266838,1406.3959804590768,1457.3660068456106,-36.911022949218705,31.780000686645508,1,0,Buy
253,1443.0,1409.8199462890625,1411.0999755859375,2042400.0,1438.0400390625,2020-07-01,1430.6004943847656,25.738980927408683,1404.861513457357,1456.3394753121743,-16.990509033203125,30.43000030517578,1,0,Buy
254,1482.949951171875,1446.4200439453125,1446.93994140625,1775200.0,1464.699951171875,2020-07-02,1430.68349609375,25.761266255031366,1404.9222298387185,1456.4447623487813,7.356542968750091,28.6200008392334,0,1,Buy
255,1506.5899658203125,1472.8599853515625,1480.06005859375,1859100.0,1495.699951171875,2020-07-06,1433.3094909667968,26.443623046609595,1406.8658679201872,1459.7531140134065,31.39046020507817,27.68000030517578,0,1,Sell
256,1516.800048828125,1483.550048828125,1490.0,1564000.0,1485.1800537109375,2020-07-07,1436.1749877929688,29.9020991687859,1406.2728886241828,1466.0770869617547,59.52496337890625,27.940000534057617,1,0,Buy
257,1505.8800048828125,1485.6300048828125,1494.3199462890625,1458200.0,1496.0,2020-07-08,1438.1034912109376,31.794405302466366,1406.3090859084712,1469.897896513404,47.07656249999991,29.43000030517578,0,1,Buy
258,1522.719970703125,1488.0849609375,1506.449951171875,1249700.0,1510.989990234375,2020-07-09,1440.0954895019531,34.14628422750384,1405.9492052744492,1474.241773729457,55.904510498046875,28.079999923706055,0,1,Buy
259,1543.8299560546875,1496.5400390625,1506.1500244140625,1423300.0,1541.739990234375,2020-07-10,1442.352490234375,37.28571155627024,1405.0667786781048,1479.638201790645,68.63750000000005,29.260000228881836,1,0,Sell
260,1577.1319580078125,1505.2430419921875,1550.0,1856300.0,1511.3399658203125,2020-07-13,1449.247491455078,42.2138049393715,1407.0336865157064,1491.4612963944496,92.49249877929697,27.290000915527344,0,1,Buy
261,1522.949951171875,1483.5,1490.31005859375,1846400.0,1520.5799560546875,2020-07-14,1454.1554870605469,43.48680871484614,1410.6686783457008,1497.642295775393,57.184478759765625,32.189998626708984,1,0,Sell
262,1535.3299560546875,1498.0,1523.1300048828125,1585000.0,1513.6400146484375,2020-07-15,1459.1919860839844,45.10745277853536,1414.084533305449,1504.2994388625198,61.387969970703125,29.520000457763672,0,1,Buy
263,1518.68994140625,1486.31005859375,1500.0,1610700.0,1518.0,2020-07-16,1462.73798828125,46.5101808432566,1416.2278074379933,1509.2481691245066,50.902026367187545,27.760000228881836,1,0,Sell
264,1523.43994140625,1498.4200439453125,1521.6199951171875,1519300.0,1515.550048828125,2020-07-17,1466.0819885253907,48.010967464552,1418.0710210608386,1514.0929559899428,51.91801147460933,28.0,0,1,Buy
265,1570.2900390625,1503.5999755859375,1515.260009765625,1456700.0,1565.719970703125,2020-07-20,1470.0614929199219,48.67671564859578,1421.3847772713261,1518.7382085685176,45.488555908203125,25.68000030517578,1,0,Sell
266,1586.989990234375,1554.280029296875,1586.989990234375,1557300.0,1558.4200439453125,2020-07-21,1476.761492919922,52.21499196200335,1424.5465009579186,1528.9764848819252,88.95847778320308,24.459999084472656,0,1,Buy
267,1570.0,1546.0999755859375,1560.5,1216200.0,1568.489990234375,2020-07-22,1482.0894958496094,54.907570132025995,1427.1819257175835,1536.9970659816354,76.33054809570308,24.84000015258789,0,1,Sell
268,1571.8699951171875,1507.3919677734375,1566.969970703125,932000.0,1515.6800537109375,2020-07-23,1487.2934936523438,57.98948820380261,1429.3040054485411,1545.2829818561465,81.19649658203116,24.31999969482422,1,0,Sell
269,1517.635986328125,1488.4000244140625,1498.9300537109375,1627600.0,1511.8699951171875,2020-07-24,1491.4789978027343,56.79490794504154,1434.6840898576927,1548.2739057477759,24.201055908203216,26.079999923706055,1,0,Buy
270,1540.969970703125,1515.2099609375,1515.5999755859375,1544000.0,1530.199951171875,2020-07-27,1495.0059997558594,55.69637677382849,1439.309622982031,1550.7023765296879,16.86399536132808,25.84000015258789,0,1,Sell
271,1526.47998046875,1497.6600341796875,1525.1800537109375,1246000.0,1500.3399658203125,2020-07-28,1503.52099609375,46.15450466664411,1457.366491427106,1549.675500760394,26.678955078125,24.739999771118164,1,0,Buy
272,1531.251953125,1501.3299560546875,1506.3199462890625,1702200.0,1522.02001953125,2020-07-29,1508.7894958496095,38.48867213126825,1470.3008237183412,1547.2781679808777,-8.449530029296966,25.440000534057617,0,1,Buy
273,1537.8699951171875,1492.219970703125,1497.0,1106500.0,1531.449951171875,2020-07-30,1514.2099975585938,31.350690858532264,1482.8593067000616,1545.5606884171261,7.810021972656159,24.100000381469727,1,0,Sell
274,1508.949951171875,1454.030029296875,1505.010009765625,1671400.0,1482.9599609375,2020-07-31,1518.8804931640625,25.88795022289178,1492.9925429411708,1544.7684433869542,12.5694580078125,24.760000228881836,1,0,Sell
275,1490.469970703125,1465.6400146484375,1486.6400146484375,3439900.0,1474.449951171875,2020-08-03,1519.7934936523438,24.139523689492535,1495.6539699628513,1543.9330173418364,-36.83353271484384,24.459999084472656,0,1,Sell
276,1485.56005859375,1458.6500244140625,1476.5699462890625,2330200.0,1464.969970703125,2020-08-04,1518.7309936523438,25.67466025560664,1493.0563333967373,1544.4056539079504,-44.28104248046884,24.280000686645508,0,1,Buy
277,1482.4100341796875,1463.4599609375,1469.300048828125,1903500.0,1473.6099853515625,2020-08-05,1517.7204895019531,27.40412478596598,1490.3163647159872,1545.124614287919,-52.750518798828125,23.760000228881836,0,1,Buy
278,1502.3900146484375,1466.0,1471.75,1979500.0,1500.0999755859375,2020-08-06,1516.6009887695313,28.761840879531555,1487.8391478899998,1545.3628296490629,-42.99100341796884,22.989999771118164,1,0,Sell
279,1516.844970703125,1481.6400146484375,1500.0,1995400.0,1494.489990234375,2020-08-07,1516.0564880371094,28.975939960578344,1487.080548076531,1545.0324279976878,-15.956512451171875,22.649999618530273,1,0,Buy
280,1504.074951171875,1473.0799560546875,1487.1800537109375,1577800.0,1496.0999755859375,2020-08-10,1513.6939880371094,28.696543210802865,1484.9974448263065,1542.3905312479123,-19.20399780273442,22.209999084472656,1,0,Sell
281,1510.0,1478.0,1492.43994140625,1289300.0,1480.3199462890625,2020-08-11,1512.9319885253906,28.963439059721328,1483.9685494656692,1541.895427585112,-16.83201293945308,22.1299991607666,1,0,Buy
282,1512.385986328125,1485.25,1485.5799560546875,1454400.0,1506.6199951171875,2020-08-12,1510.9189880371093,29.791155269321813,1481.1278327677876,1540.710143306431,-30.59904174804683,24.030000686645508,0,1,Buy
283,1537.25,1508.0050048828125,1510.3399658203125,1437000.0,1518.449951171875,2020-08-13,1510.5679870605468,29.79876280894453,1480.7692242516023,1540.3667498694913,-3.947991943359284,22.280000686645508,0,1,Sell
284,1521.9000244140625,1502.8800048828125,1515.6600341796875,1455200.0,1507.72998046875,2020-08-14,1510.5904846191406,29.804838403616525,1480.7856462155241,1540.395323022757,7.859466552734375,22.1299991607666,1,0,Buy
285,1525.6099853515625,1507.969970703125,1514.6700439453125,1354800.0,1517.97998046875,2020-08-17,1510.199481201172,29.787640483969604,1480.4118407172023,1539.9871216851416,-2.4695007324219205,22.049999237060547,0,1,Buy
286,1562.469970703125,1523.7099609375,1526.1800537109375,1378300.0,1558.5999755859375,2020-08-18,1507.812481689453,26.87478084843771,1480.9377008410154,1534.6872625378908,10.16749877929692,21.350000381469727,0,1,Sell
287,1573.6800537109375,1543.949951171875,1553.31005859375,2027100.0,1547.530029296875,2020-08-19,1507.8214782714845,26.892638033302678,1480.9288402381817,1534.7141163047872,50.778497314453034,21.510000228881836,1,0,Buy
288,1585.8699951171875,1538.199951171875,1543.449951171875,1660600.0,1581.75,2020-08-20,1506.7734802246093,24.725014299430743,1482.0484659251786,1531.49849452404,40.75654907226567,22.540000915527344,1,0,Sell
289,1597.719970703125,1568.0050048828125,1577.030029296875,1706900.0,1580.4200439453125,2020-08-21,1510.0769775390625,29.858517154163778,1480.2184603848987,1539.9354946932262,71.67302246093755,22.719999313354492,1,0,Buy
290,1614.1700439453125,1580.5699462890625,1593.97998046875,1446500.0,1588.199951171875,2020-08-24,1513.5044799804687,33.75536332117517,1479.7491166592936,1547.2598433016437,66.91556396484384,22.540000915527344,0,1,Buy
291,1611.6199951171875,1582.0699462890625,1582.0699462890625,1409900.0,1608.219970703125,2020-08-25,1516.4044799804688,37.54403811676534,1478.8604418637035,1553.948518097234,71.79547119140625,22.3700008392334,1,0,Buy
292,1659.219970703125,1603.5999755859375,1608.0,2247100.0,1652.3800048828125,2020-08-26,1521.7984802246094,42.53274411241681,1479.2657361121926,1564.3312243370262,86.42149047851558,22.030000686645508,1,0,Sell
293,1655.0,1625.75,1653.6800537109375,3993400.0,1634.3299560546875,2020-08-27,1528.3164794921875,51.592253256854086,1476.7242262353334,1579.9087327490415,124.06352539062505,23.270000457763672,0,1,Buy
294,1647.1700439453125,1630.75,1633.489990234375,1861600.0,1644.4100341796875,2020-08-28,1533.4604797363281,56.78828415315696,1476.672195583171,1590.2487638894852,100.86947631835938,24.469999313354492,1,0,Sell
295,1647.9649658203125,1630.31005859375,1647.8900146484375,1499000.0,1634.1800537109375,2020-08-31,1541.5329833984374,60.58029471565139,1480.952688682786,1602.1132781140889,102.87705078125009,22.959999084472656,0,1,Buy
296,1665.72998046875,1632.219970703125,1636.6300048828125,1823400.0,1660.7099609375,2020-09-01,1549.5194885253907,61.78789320638586,1487.7315953190048,1611.3073817317766,84.66056518554683,26.40999984741211,0,1,Buy
297,1733.1800537109375,1666.3299560546875,1673.7750244140625,1825300.0,1728.280029296875,2020-09-02,1559.3064880371094,63.1773294587271,1496.1291585783822,1622.4838174958365,101.40347290039062,26.1200008392334,0,1,Sell
298,1709.7139892578125,1615.06005859375,1709.7139892578125,2511200.0,1641.8399658203125,2020-09-03,1572.039990234375,70.26320804936228,1501.7767821850127,1642.3031982837372,156.24003906250005,26.56999969482422,1,0,Sell
299,1645.1099853515625,1547.613037109375,1624.260009765625,3107800.0,1591.0400390625,2020-09-04,1579.1269897460938,69.77166116960976,1509.355328576484,1648.8986509157037,62.71297607421866,33.599998474121094,1,0,Sell
300,1563.864990234375,1528.010009765625,1533.510009765625,2608600.0,1532.3900146484375,2020-09-08,1583.9544921875,66.88797107111766,1517.0665211163823,1650.8424632586175,7.085546875000091,30.75,1,0,Buy
301,1569.0,1536.051025390625,1557.530029296875,2610900.0,1556.9599609375,2020-09-09,1585.768994140625,64.84014501916771,1520.9288491214572,1650.6091391597927,-53.378979492187455,31.459999084472656,0,1,Sell
302,1584.0810546875,1525.8050537109375,1560.6400146484375,1774700.0,1532.02001953125,2020-09-10,1589.6009948730468,60.392321673441174,1529.2086731996058,1649.993316546488,-32.64103393554683,28.809999465942383,0,1,Sell
303,1575.199951171875,1497.3599853515625,1536.0,1618600.0,1520.719970703125,2020-09-11,1590.87099609375,58.80157631429819,1532.0694197794517,1649.6725724080482,-58.85097656249991,29.709999084472656,0,1,Sell
304,1564.0,1515.739990234375,1539.0050048828125,1597100.0,1519.280029296875,2020-09-14,1590.9844970703125,58.65644090366813,1532.3280561666443,1649.6409379739807,-70.2645263671875,26.8700008392334,0,1,Buy
305,1559.5699462890625,1531.8349609375,1536.0,1696600.0,1541.43994140625,2020-09-15,1591.5619995117188,57.844860169677006,1533.7171393420417,1649.4068596813959,-72.2819702148438,25.850000381469727,0,1,Sell
306,1562.0,1519.8199462890625,1555.5400390625,1331100.0,1520.9000244140625,2020-09-16,1592.7349975585937,56.496351911507475,1536.2386456470863,1649.2313494701011,-51.295056152343705,25.59000015258789,0,1,Sell
307,1508.2979736328125,1470.0,1496.0,1311700.0,1495.530029296875,2020-09-17,1590.85,58.295489187483724,1532.5545108125161,1649.1454891874837,-69.94997558593741,26.040000915527344,1,0,Sell
308,1503.0030517578125,1437.1300048828125,1498.010009765625,1879800.0,1459.989990234375,2020-09-18,1588.25,61.405894662045114,1526.844105337955,1649.655894662045,-92.719970703125,26.459999084472656,0,1,Sell
309,1448.3599853515625,1406.550048828125,1440.06005859375,3103900.0,1431.1600341796875,2020-09-21,1582.1619995117187,67.78840888026781,1514.373590631451,1649.9504083919865,-122.1720092773437,25.829999923706055,1,0,Buy
310,1469.52001953125,1434.530029296875,1450.0899658203125,2888800.0,1465.4599609375,2020-09-22,1574.6989990234374,75.74011340416077,1498.9588856192765,1650.4391124275983,-143.5389648437499,27.780000686645508,0,1,Sell
311,1460.9599609375,1407.699951171875,1458.780029296875,1583200.0,1415.2099609375,2020-09-23,1568.5619995117188,79.46941393223227,1489.0925855794865,1648.0314134439511,-103.1020385742188,26.860000610351562,1,0,Buy
312,1443.708984375,1409.8499755859375,1411.030029296875,1657400.0,1428.2900390625,2020-09-24,1558.9114990234375,85.86213463769157,1473.049364385746,1644.773633661129,-143.7015380859375,28.579999923706055,1,0,Buy
313,1450.0,1413.3399658203125,1432.6300048828125,1450200.0,1444.9599609375,2020-09-25,1547.7070007324219,87.62618141014678,1460.0808193222751,1635.3331821425686,-119.41696166992188,28.510000228881836,0,1,Buy
314,1476.800048828125,1449.301025390625,1474.2099609375,1323000.0,1464.52001953125,2020-09-28,1538.2385009765626,88.003879623594,1450.2346213529686,1626.2423806001566,-93.27854003906259,26.3799991607666,0,1,Buy
315,1476.6629638671875,1458.8050537109375,1470.3900146484375,2007900.0,1469.3299560546875,2020-09-29,1529.2440002441406,85.74533067620582,1443.4986695679347,1614.9893309203464,-64.72398071289058,26.190000534057617,0,1,Buy
